{
  "protocol_version" : "0.0.6",
  "configuration" : {
    "version" : "(6.12.0) ((no/6051b710)",
    "tlc" : "normal",
    "sigsgev" : "altstack",
    "notifications" : "epoll",
    "architecture" : "amd64",
    "disabled_features" : "none",
    "smallconfig" : "disabled",
    "bigarrays" : "disabled",
    "softdebug" : "enabled",
    "interpreter" : "enabled",
    "llvm_support" : "disabled",
    "suspend" : "preemptive"
  },
  "memory" : {
    "minor_gc_time" : "0",
    "major_gc_time" : "0",
    "minor_gc_count" : "0",
    "major_gc_count" : "0",
    "major_gc_time_concurrent" : "0"
 },
  "threads" : [
 {
    "is_managed" : false,
    "offset_free_hash" : "0x0",
    "offset_rich_hash" : "0x0",
    "crashed" : false,
    "native_thread_id" : "0x7fd2d67fe700",
    "thread_info_addr" : "0x7fd2c8000b60",
    "thread_name" : "Debugger agent",
    "ctx" : {
      "IP" : "0x7fd3174194ff",
      "SP" : "0x7fd2d67fda40",
      "BP" : "0x18"
  },
    "unmanaged_frames" : [
  {
      "is_managed" : "false",
      "native_address" : "0xff351b",
      "native_offset" : "0x00000"
   }
,
  {
      "is_managed" : "false",
      "native_address" : "0x118bf3e",
      "native_offset" : "0x00000"
   }
,
  {
      "is_managed" : "false",
      "native_address" : "0x1194c07",
      "native_offset" : "0x00000"
   }
,
  {
      "is_managed" : "false",
      "native_address" : "0x100215a",
      "native_offset" : "0x00000"
   }
,
  {
      "is_managed" : "false",
      "native_address" : "0x7fd31741a420",
      "native_offset" : "0x00000"
   }
,
  {
      "is_managed" : "false",
      "native_address" : "0x7fd3174194ff",
      "native_offset" : "0x00000"
   }
,
  {
      "is_managed" : "false",
      "native_address" : "0x1061354",
      "native_offset" : "0x00000"
   }
,
  {
      "is_managed" : "false",
      "native_address" : "0x1073362",
      "native_offset" : "0x00000"
   }
,
  {
      "is_managed" : "false",
      "native_address" : "0x11914c7",
      "native_offset" : "0x00000"
   }
,
  {
      "is_managed" : "false",
      "native_address" : "0x7fd31740e609",
      "native_offset" : "0x00000"
   }
,
  {
      "is_managed" : "false",
      "native_address" : "0x7fd3171d2133",
      "native_offset" : "0x00000"
   }

  ]
 },
 {
    "is_managed" : false,
    "offset_free_hash" : "0x0",
    "offset_rich_hash" : "0x0",
    "crashed" : false,
    "native_thread_id" : "0x7fd2e43ff700",
    "thread_info_addr" : "0x7fd2d0000b60",
    "thread_name" : "Finalizer",
    "ctx" : {
      "IP" : "0x7fd317418454",
      "SP" : "0x7fd2e43fece0",
      "BP" : "0x5d30080"
  },
    "unmanaged_frames" : [
  {
      "is_managed" : "false",
      "native_address" : "0xff351b",
      "native_offset" : "0x00000"
   }
,
  {
      "is_managed" : "false",
      "native_address" : "0x118bf3e",
      "native_offset" : "0x00000"
   }
,
  {
      "is_managed" : "false",
      "native_address" : "0x1194c07",
      "native_offset" : "0x00000"
   }
,
  {
      "is_managed" : "false",
      "native_address" : "0x100215a",
      "native_offset" : "0x00000"
   }
,
  {
      "is_managed" : "false",
      "native_address" : "0x7fd31741a420",
      "native_offset" : "0x00000"
   }
,
  {
      "is_managed" : "false",
      "native_address" : "0x7fd317418454",
      "native_offset" : "0x00000"
   }
,
  {
      "is_managed" : "false",
      "native_address" : "0x7fd317418548",
      "native_offset" : "0x00000"
   }
,
  {
      "is_managed" : "false",
      "native_address" : "0x10bedf8",
      "native_offset" : "0x00000"
   }
,
  {
      "is_managed" : "false",
      "native_address" : "0x11914c7",
      "native_offset" : "0x00000"
   }
,
  {
      "is_managed" : "false",
      "native_address" : "0x7fd31740e609",
      "native_offset" : "0x00000"
   }
,
  {
      "is_managed" : "false",
      "native_address" : "0x7fd3171d2133",
      "native_offset" : "0x00000"
   }

  ]
 },
 {
    "is_managed" : true,
    "offset_free_hash" : "0x3e773db1e",
    "offset_rich_hash" : "0x3e773dfab",
    "crashed" : true,
    "native_thread_id" : "0x7fd316f6a5c0",
    "thread_info_addr" : "0x91b0380",
    "thread_name" : "Godot_v3.5.1-st",
    "ctx" : {
      "IP" : "0x1b502bd",
      "SP" : "0x7ffd82c488e0",
      "BP" : "0x7ffd82c48ba0"
  },
    "managed_frames" : [
  {
      "is_managed" : "false",
      "native_address" : "unregistered"
   }
,
  {
      "is_managed" : "true",
      "guid" : "CEC56694-4E91-4767-9C48-41A2F7B52331",
      "token" : "0x00000",
      "native_offset" : "0x0",
      "filename" : "GodotSharp.dll",
      "sizeofimage" : "0x29a000",
      "timestamp" : "0xb0633920",
      "il_offset" : "0xffffffff"
   }
,
  {
      "is_managed" : "true",
      "guid" : "CEC56694-4E91-4767-9C48-41A2F7B52331",
      "token" : "0x60001ed",
      "native_offset" : "0x0",
      "filename" : "GodotSharp.dll",
      "sizeofimage" : "0x29a000",
      "timestamp" : "0xb0633920",
      "il_offset" : "0x00007"
   }
,
  {
      "is_managed" : "true",
      "guid" : "86E70BDE-2E89-48C7-85C8-3D427BEEF95D",
      "token" : "0x6000007",
      "native_offset" : "0x0",
      "filename" : "card-game.dll",
      "sizeofimage" : "0xe000",
      "timestamp" : "0xfb0da0ec",
      "il_offset" : "0x00120"
   }
,
  {
      "is_managed" : "true",
      "guid" : "86E70BDE-2E89-48C7-85C8-3D427BEEF95D",
      "token" : "0x6000002",
      "native_offset" : "0x0",
      "filename" : "card-game.dll",
      "sizeofimage" : "0xe000",
      "timestamp" : "0xfb0da0ec",
      "il_offset" : "0x00368"
   }
,
  {
      "is_managed" : "true",
      "guid" : "86E70BDE-2E89-48C7-85C8-3D427BEEF95D",
      "token" : "0x00000",
      "native_offset" : "0x0",
      "filename" : "card-game.dll",
      "sizeofimage" : "0xe000",
      "timestamp" : "0xfb0da0ec",
      "il_offset" : "0xffffffff"
   }

  ],
  "unmanaged_frames" : [
 {
    "is_managed" : "false",
    "native_address" : "0xff351b",
    "native_offset" : "0x00000"
  }
,
 {
    "is_managed" : "false",
    "native_address" : "0x118bf3e",
    "native_offset" : "0x00000"
  }
,
 {
    "is_managed" : "false",
    "native_address" : "0x1194d34",
    "native_offset" : "0x00000"
  }
,
 {
    "is_managed" : "false",
    "native_address" : "0x1002da5",
    "native_offset" : "0x00000"
  }
,
 {
    "is_managed" : "false",
    "native_address" : "0x1002fa9",
    "native_offset" : "0x00000"
  }
,
 {
    "is_managed" : "false",
    "native_address" : "0xff565f",
    "native_offset" : "0x00000"
  }
,
 {
    "is_managed" : "false",
    "native_address" : "0x100cc00",
    "native_offset" : "0x00000"
  }
,
 {
    "is_managed" : "false",
    "native_address" : "0x7fd31741a420",
    "native_offset" : "0x00000"
  }
,
 {
    "is_managed" : "false",
    "native_address" : "0x1b502bd",
    "native_offset" : "0x00000"
  }
,
 {
    "is_managed" : "true",
    "guid" : "CEC56694-4E91-4767-9C48-41A2F7B52331",
    "token" : "0x00000",
    "native_offset" : "0x0",
    "filename" : "GodotSharp.dll",
    "sizeofimage" : "0x29a000",
    "timestamp" : "0xb0633920",
    "il_offset" : "0x00000"
  }

 ]
}
]
}